{
    "initial_params": {
        "_type": "matrix",
        "_size": [
            50
        ],
        "_complex": false,
        "_data": [
            -2.5,
            0.028654938079552966,
            0.5444438235115089,
            0.03859849415093278,
            0.5358440146338352,
            0.048612268681354445,
            0.527183476443317,
            0.05869709162338575,
            0.5184614911450923,
            0.068853806723704,
            0.5096773290142904,
            0.07908327181919086,
            0.5008302481399516,
            0.08938635914083014,
            0.4919194941621961,
            0.09976395562565378,
            0.4829443000024355,
            0.11021696323698926,
            0.4739038855864003,
            0.12074629929326852,
            0.4647974575597687,
            0.13135289680567352,
            0.45562420899614553,
            0.1420377048248992,
            0.44638331909716294,
            0.1528016887973221,
            0.43707395288444384,
            0.1636458309308867,
            0.4276952608831584,
            0.17457113057101464,
            0.4182463787969157,
            0.18557860458686876,
            0.4087264271736962,
            0.19666928776830656,
            0.3991345110625454,
            0.20784423323388337,
            0.38946971966070537,
            0.21910451285025548,
            0.37973112595088604,
            0.23045121766337262,
            0.3699177863283502,
            0.24188545834186137,
            0.3600287402174372,
            0.25340836563297475,
            0.35006300967723863,
            0.2650210908315806,
            0.3400195989959831,
            0.27672480626258933,
            0.3298974942738047,
            0.2885207057772983
        ]
    }
}